{
    "customer_segmentation": {
        "profiles": {
            "Segment_0": {
                "size": 322,
                "size_percentage": 32.2,
                "avg_age": 38.36335403726708,
                "avg_total_spend": 1630.0130745341614,
                "avg_transaction_count": 3.7577639751552794,
                "avg_transaction_value": 431.3237266341319,
                "online_purchase_ratio": 0.9589544513457557
            },
            "Segment_1": {
                "size": 266,
                "size_percentage": 26.6,
                "avg_age": 32.66541353383459,
                "avg_total_spend": 1696.7063157894736,
                "avg_transaction_count": 3.9511278195488724,
                "avg_transaction_value": 428.82470439491584,
                "online_purchase_ratio": 0.579390440386681
            },
            "Segment_2": {
                "size": 181,
                "size_percentage": 18.099999999999998,
                "avg_age": 34.64088397790055,
                "avg_total_spend": 8788.920662983426,
                "avg_transaction_count": 5.292817679558011,
                "avg_transaction_value": 1776.9013559669304,
                "online_purchase_ratio": 0.8240650387059227
            },
            "Segment_3": {
                "size": 231,
                "size_percentage": 23.1,
                "avg_age": 36.077922077922075,
                "avg_total_spend": 4758.474718614718,
                "avg_transaction_count": 7.70995670995671,
                "avg_transaction_value": 627.4439565354078,
                "online_purchase_ratio": 0.7889880201568514
            }
        },
        "feature_importance": [
            "age",
            "transaction_count",
            "total_spend",
            "avg_transaction_value",
            "online_purchase_ratio"
        ]
    },
    "sales_prediction": {
        "metrics": {
            "train": {
                "mae": 1512.000254850746,
                "rmse": 1950.504938197964,
                "r2": 0.8650417804884729
            },
            "test": {
                "mae": 4214.059126865673,
                "rmse": 5502.90019471906,
                "r2": -0.07608340685442938
            }
        },
        "feature_importance": {
            "feature": {
                "4": "rolling_mean_7",
                "0": "lag_1",
                "3": "lag_30",
                "1": "lag_7",
                "5": "rolling_mean_14",
                "6": "rolling_mean_30",
                "9": "day",
                "2": "lag_14",
                "7": "dayofweek",
                "8": "month"
            },
            "importance": {
                "4": 0.2891572706627429,
                "0": 0.13138117894701445,
                "3": 0.11373874450211789,
                "1": 0.09044358134445134,
                "5": 0.08609115116515458,
                "6": 0.08034688911178002,
                "9": 0.07347833906696934,
                "2": 0.06939694077345787,
                "7": 0.036469314950797756,
                "8": 0.02949658947551383
            }
        },
        "last_30_days_prediction": [
            5367.988199999995,
            4152.190300000004,
            10315.979499999996,
            9656.764099999988,
            5794.052500000004,
            8735.203999999998,
            6852.071300000001,
            7015.547699999993,
            8342.64110000001,
            8710.579700000004,
            7728.87300000001,
            7283.954999999996,
            10457.641600000017,
            10851.782500000003,
            12188.669599999996,
            12625.108699999992,
            9357.536700000008,
            18560.252500000013,
            14056.025900000008,
            11741.616599999992,
            11716.939599999994,
            11340.64889999999,
            13211.028099999981,
            8874.791900000006,
            15111.887000000004,
            11258.084900000005,
            17421.678399999986,
            11835.432999999985,
            9261.440299999991,
            8721.661799999996
        ]
    },
    "ltv_prediction": {
        "metrics": {
            "train": {
                "mae": 116.9841330562279,
                "rmse": 161.49301685964284,
                "r2": 0.9976322458301761
            },
            "test": {
                "mae": 218.66214575558297,
                "rmse": 380.61562135459104,
                "r2": 0.9869764494092004
            }
        },
        "feature_importance": {
            "feature": {
                "5": "transaction_amount_std",
                "4": "avg_transaction_amount",
                "1": "transaction_count",
                "2": "avg_items",
                "3": "online_ratio",
                "6": "account_age_days",
                "0": "age"
            },
            "importance": {
                "5": 0.4085966744512645,
                "4": 0.391579265575107,
                "1": 0.19899131974330225,
                "2": 0.0005666260228255339,
                "3": 0.00015874899853326354,
                "6": 7.705362146102303e-05,
                "0": 3.0311587506448854e-05
            }
        },
        "predictions_summary": {
            "mean": 3665.4000729574077,
            "median": 2583.574483770255,
            "std": 3287.1083326353937
        }
    }
}